rms,mfcc1,mfcc2,mfcc3,mfcc4,mfcc5,mfcc6,mfcc7,mfcc8,mfcc9,mfcc10,mfcc11,mfcc12,mfcc13,mfcc14,mfcc15,mfcc16,mfcc17,mfcc18,mfcc19,mfcc20,centroid,bandwidth,contrast1,contrast2,contrast3,contrast4,contrast5,contrast6,contrast7,rolloff,flatness
0.11903034150600433,-446.47174072265625,141.6627960205078,63.573158264160156,33.11198806762695,7.763796329498291,1.7269487380981445,-0.30040037631988525,-7.615516185760498,-9.693519592285156,-10.530866622924805,-8.27989387512207,-5.434304237365723,-4.553959846496582,-5.312371730804443,-4.321893692016602,0.17884176969528198,3.4814300537109375,2.0415399074554443,-3.487595796585083,-8.005586624145508,505.50126672229277,617.7574653337828,18.565914492362182,15.70178639932378,22.66908111748378,25.89981077703736,28.50748582392283,19.857823768981348,32.29304508374201,647.8260869565217,2.4065350316959666e-06
0.05426471680402756,-313.1026916503906,-13.803535461425781,-18.077695846557617,11.250032424926758,-17.39274024963379,4.0062150955200195,-6.693906784057617,0.8719635009765625,-5.092758655548096,0.639778196811676,-4.294081687927246,-2.9410886764526367,-3.3438503742218018,12.592780113220215,18.797977447509766,24.953182220458984,15.771820068359375,7.63212251663208,-6.234622001647949,-9.774721145629883,8775.265462032914,5729.553894594164,15.79789494574006,8.713388537639496,20.244233266707386,23.195186950021096,23.10484411884441,20.278509269418706,34.60934169194427,15534.990347490348,0.07257737964391708
0.026492243632674217,-380.322998046875,171.05747985839844,-40.01482009887695,22.59537696838379,12.719908714294434,30.375812530517578,-17.199769973754883,-26.67811393737793,-8.634380340576172,9.33248519897461,-36.46694564819336,-13.025440216064453,22.743698120117188,-8.778820991516113,-11.204415321350098,3.7170636653900146,-2.0922787189483643,-7.277500152587891,1.5540131330490112,-9.355499267578125,2195.9646256587876,2682.7793160096203,28.262648225344638,12.4219380599033,17.20538734269429,13.928489923144285,18.004380813622152,23.997367036053987,40.05113902935727,3715.625,0.0004716368275694549
0.0748148038983345,-228.31442260742188,103.02198028564453,25.82122039794922,48.6011962890625,-0.8505164384841919,14.477995872497559,3.6017138957977295,1.5688509941101074,0.5743177533149719,4.864627361297607,-5.214256286621094,-1.4606610536575317,-4.17703914642334,2.5268380641937256,-0.5446289777755737,2.5410430431365967,3.1224746704101562,1.2059623003005981,-5.402373313903809,-2.914490222930908,4774.05513355039,4985.030014387263,11.34158244485357,9.319821527522897,15.756081239291392,16.07108763392368,18.541619765121258,18.80710915126319,36.8878942492209,10087.228260869566,0.020299475640058517
0.08685077726840973,-258.29541015625,16.93059730529785,-11.494004249572754,15.98649787902832,5.07820463180542,25.005327224731445,12.929713249206543,6.217264175415039,-4.526093006134033,3.3767409324645996,5.298007011413574,10.015682220458984,1.081563115119934,-3.8289003372192383,-4.577030181884766,7.701375961303711,4.791343688964844,1.9682058095932007,-2.8150687217712402,1.010987639427185,5862.452287838778,4468.8221929150295,16.98956421342144,10.11511847858435,11.149036110422056,15.19130523621655,20.231558108100906,14.73963885952503,25.40106550231239,11200.500723938225,0.343453973531723
0.13936853408813477,-258.8140563964844,50.177310943603516,-14.501750946044922,15.026456832885742,-9.646933555603027,-1.255124807357788,-7.63159704208374,-8.32447624206543,-15.368574142456055,-11.293475151062012,-12.997908592224121,-10.557527542114258,-9.385026931762695,0.9395386576652527,-5.862828254699707,2.1137452125549316,-0.6282035708427429,-2.292490005493164,-1.3605562448501587,2.8818862438201904,3466.6949411929554,3912.2207508583115,18.367447724922012,18.398499358481793,20.849662319585477,19.30131487604664,21.151721543656627,20.546099176907187,29.33037481935511,7372.043918918919,0.28176817297935486
0.03181934729218483,-392.46063232421875,120.30329132080078,-41.6179084777832,11.480083465576172,-0.813812792301178,-0.7524754405021667,-14.561269760131836,-23.75619125366211,-16.154769897460938,-8.937728881835938,-8.685982704162598,-4.84420108795166,-7.846749305725098,-6.499335765838623,-6.795892715454102,-1.4308171272277832,3.4953200817108154,7.33113956451416,1.6028599739074707,0.9103169441223145,2550.689214504087,2969.2797602491164,17.407747414358262,18.947968359589826,19.056668759123035,18.92451781304903,18.429436740832465,18.797103457139407,38.09194102370554,4388.477855960265,0.009220253676176071
0.12367255985736847,-228.2269287109375,58.947593688964844,-34.552886962890625,-5.749121189117432,-9.424930572509766,-1.986574411392212,-14.220656394958496,-12.390830039978027,-14.77757740020752,-9.186070442199707,-21.835243225097656,-14.029829025268555,-19.841962814331055,-14.802387237548828,-12.869943618774414,-3.70692777633667,-9.731660842895508,-4.755345344543457,-10.886880874633789,-9.204793930053711,4288.801338507212,4415.244122660409,29.4260344074964,23.999037248442374,22.058924700886283,25.38830925560797,25.24957683982346,25.063625350389263,34.82643599373197,9251.84000965251,0.005742088425904512
0.05970563367009163,-481.8851013183594,11.404135704040527,-23.10898780822754,16.163097381591797,-25.471954345703125,-26.53084373474121,-27.329011917114258,-25.555492401123047,-23.74420166015625,-21.014419555664062,-23.229812622070312,3.527376413345337,3.04180645942688,14.240143775939941,24.4505615234375,31.768169403076172,23.31338119506836,5.772530555725098,-2.5388619899749756,-12.69245719909668,2950.7334508127105,3787.7577959222012,11.28411197314581,12.00288073068987,31.994071364260197,22.281548958102444,31.213340286103378,26.106554918470618,40.603285524177146,6404.801324503312,0.0010079264175146818
0.08497987687587738,-280.56793212890625,59.95183563232422,-12.32099437713623,11.983349800109863,-5.76177978515625,13.156106948852539,3.8651797771453857,4.304744243621826,-5.955996036529541,-2.868377685546875,-3.6634867191314697,-3.2702062129974365,-6.346758842468262,-6.680326461791992,-1.305206060409546,-2.551555871963501,-2.14117693901062,-0.5377267003059387,-2.771075487136841,0.5393854379653931,3699.6015496997256,4138.964828217212,14.981086726740017,17.402130234510164,14.972452120002078,16.701134195167764,17.88866364621697,17.5785336088895,29.007833553187048,8435.418677606178,0.28350546956062317
0.025907278060913086,-598.2377319335938,100.03659057617188,-6.446586608886719,-17.787981033325195,3.0141475200653076,-10.796669006347656,-20.382198333740234,-8.357683181762695,-2.9450509548187256,-5.102499485015869,-2.678168773651123,-0.1847522258758545,-2.1003875732421875,-6.638787746429443,-12.408820152282715,-16.746606826782227,-15.247209548950195,-6.672070026397705,2.7839531898498535,4.545923233032227,947.8350914439594,878.162537738085,26.3753610955634,26.659764709556075,29.94634384660384,35.305679975243194,38.86108547268354,42.92027991496187,29.082704297596703,1449.6862934362935,0.0005440879031084478
0.10572934150695801,-376.1631164550781,104.15899658203125,17.091289520263672,31.92507553100586,12.455660820007324,13.08189868927002,5.648880481719971,7.970216751098633,0.9887296557426453,1.1152780055999756,-2.1085047721862793,2.369802951812744,-0.027558671310544014,2.1894257068634033,0.752471387386322,4.381170272827148,1.4369196891784668,2.6385722160339355,-0.7072051763534546,1.6594243049621582,1380.807142752122,2622.5250438125186,19.399486959755208,10.343663292969065,15.544958408044069,16.544768431836765,18.080025987606145,16.860878010611668,34.516959103943606,2305.6809971098264,0.0011366860708221793
0.09966673702001572,-342.5953674316406,83.48167419433594,-28.111787796020508,-2.421396017074585,-1.9956940412521362,23.22645378112793,20.910018920898438,1.6692261695861816,-5.636363506317139,8.488580703735352,-1.0335243940353394,-0.2658410966396332,4.743934154510498,2.6337218284606934,-3.9396746158599854,2.4067423343658447,-2.78837513923645,3.270744562149048,3.866152048110962,-0.8418451547622681,2160.5467030580817,3007.376125132296,20.942518828319223,16.142733212217422,17.17574662406811,21.07625221159531,23.654486694738722,19.63483221468576,26.992992523258845,4007.4505308880307,0.31582579016685486
0.17567671835422516,-332.8475036621094,16.1995792388916,-28.230976104736328,35.96620178222656,-15.687045097351074,2.089350938796997,-12.841814041137695,-17.24460792541504,-20.008501052856445,-12.779093742370605,-14.283052444458008,4.112158298492432,6.524569511413574,27.765392303466797,47.491783142089844,51.03016662597656,30.896909713745117,0.3612169027328491,-20.231975555419922,-28.00785255432129,3460.1541008618665,3723.0921324780893,20.42491609333687,8.083213254970135,34.09563923280941,33.11887619350731,33.737672646422986,26.56564542916447,40.256397985109594,6984.375,0.0007920015486888587
0.01398202870041132,-592.6860961914062,3.643308639526367,2.062534809112549,1.8795406818389893,1.5890114307403564,1.1245863437652588,0.8192268013954163,0.602955162525177,0.4162024259567261,0.06769247353076935,-0.34042325615882874,-0.5700039863586426,-0.6192751526832581,-0.7359481453895569,-0.9563301801681519,-1.046237826347351,-1.0066803693771362,-1.006635308265686,-0.9446502327919006,-0.7759513258934021,2502.0647233584928,3974.777386716157,23.798134142434446,23.213467861537435,19.245393991562498,17.479716438862372,16.53224172441932,14.56898665991442,14.736839145794653,6532.233029801325,0.8385969996452332
0.03324789181351662,-532.957763671875,140.8697967529297,45.264644622802734,22.508087158203125,16.35261344909668,-8.298772811889648,3.097080945968628,9.019186973571777,-0.3976720869541168,6.019782543182373,1.4454412460327148,9.489023208618164,2.958875894546509,11.507506370544434,-3.6811938285827637,4.535012245178223,-2.112867593765259,4.458702087402344,-0.5085701942443848,7.642377853393555,773.596738788195,1968.2921016653177,24.123097162228838,9.31294115120695,20.915594927859864,22.703915651080916,29.602972076398693,29.020560224042267,44.88591842700635,899.4565217391304,3.978793756687082e-06
0.03233742713928223,-373.4248352050781,56.42435073852539,-62.447452545166016,14.131184577941895,-8.845112800598145,5.1889543533325195,-11.25764274597168,-0.9438717365264893,-14.682646751403809,-14.584250450134277,-23.645774841308594,-16.192554473876953,-15.463258743286133,-19.80413246154785,-15.458321571350098,-11.197981834411621,-23.961889266967773,-19.37798500061035,-12.66903305053711,-2.9443931579589844,3834.1893098061987,4246.246815005821,21.18705229875471,27.488492415646327,23.500974023569345,26.066954868079314,25.038926841107937,22.0105572198579,38.960133256816256,7767.866847826087,0.001795452437363565
0.08161810040473938,-529.1126708984375,29.421234130859375,20.415416717529297,15.128862380981445,11.410109519958496,9.381400108337402,7.810905456542969,6.366936206817627,4.945459842681885,4.097960948944092,2.886993646621704,2.223114490509033,1.3677473068237305,1.054530382156372,0.5316836833953857,0.2116328775882721,-0.18120913207530975,-0.2878105640411377,-0.38122519850730896,-0.47960296273231506,2108.2852577352055,3546.4154799293547,18.569380404963535,11.576732533509952,15.533253634291034,14.64562301582047,13.82963131146855,13.05129100891907,15.030527436782391,5233.471820809248,0.6164679527282715
0.005393121391534805,-666.4994506835938,16.907567977905273,13.088586807250977,9.983795166015625,7.293575286865234,4.754928112030029,2.8927648067474365,1.5868628025054932,0.3251242935657501,-1.301539421081543,-3.479919672012329,-6.118795394897461,-8.950176239013672,-11.480103492736816,-13.074999809265137,-13.282502174377441,-12.093820571899414,-9.942110061645508,-7.437966346740723,-5.159439563751221,156.06083321951155,96.31347771433519,11.92846669064934,19.51387658983411,15.812442731105564,27.18507971942504,24.549366405315496,17.405478775504715,19.510701942651217,165.28532608695653,0.481911838054657
0.0946803167462349,-347.755615234375,8.867728233337402,54.66779708862305,31.75926399230957,-15.333864212036133,3.512094020843506,6.915354251861572,7.043520450592041,-2.992755889892578,14.868971824645996,2.4598963260650635,5.602553367614746,5.014434814453125,-4.147116184234619,-5.269527435302734,-2.4834535121917725,-10.516297340393066,3.6491289138793945,-9.929181098937988,4.0641374588012695,6732.362532787944,4957.954205484323,21.67104687500775,16.90132031849623,17.180532352517933,21.14004807036115,17.238670303902516,18.098121161315646,22.589348071980783,12687.741312741313,0.3243078589439392
0.08030201494693756,-371.7586669921875,147.1481475830078,-8.976937294006348,-5.385183811187744,-0.9783521294593811,-1.6254464387893677,-11.06571102142334,-12.744958877563477,-9.85446548461914,-5.013606548309326,-2.6213903427124023,-1.8249289989471436,-3.0868117809295654,-5.1862969398498535,-9.78359317779541,-8.905829429626465,-7.84459114074707,-7.70003080368042,-4.208446025848389,1.946509599685669,1384.8253309780773,1535.2293166700015,14.743020843683754,13.466816599501705,16.52160214876605,19.90017118407646,23.793749135143894,22.20399549581903,31.66359460879502,2528.897200772201,0.0007181322434917092
0.015668800100684166,-485.0289306640625,71.49393463134766,3.0499496459960938,3.1501545906066895,-0.49374261498451233,-2.1290934085845947,-4.2151570320129395,-4.13485050201416,-4.07253360748291,-5.487814903259277,-9.223938941955566,-10.547597885131836,-11.870108604431152,-9.855389595031738,-8.187841415405273,-7.042439937591553,-6.854554653167725,-4.389039039611816,-5.643505096435547,-4.35288143157959,3595.2303000927673,4929.886252236695,18.70102590443096,15.021573468535538,18.565123792671052,18.841453484704285,21.564035849640646,18.246208020471233,34.66345944363245,8069.701086956522,0.0033972461242228746
0.09363822638988495,-186.9083709716797,77.50328063964844,-19.416044235229492,12.332610130310059,-5.793262004852295,4.624207019805908,-3.136625289916992,0.5445542335510254,-7.071102142333984,-0.4796968102455139,-3.674137830734253,2.1911840438842773,0.844670832157135,10.207258224487305,9.83970832824707,13.198182106018066,4.810265064239502,0.5324260592460632,-10.484355926513672,-8.236200332641602,4738.137842924202,5319.655551668919,18.504529158145697,17.016348617264985,20.13630614380542,18.31816593051492,19.05704683546028,16.43802396138595,31.237880598585974,10561.197916666666,0.05406287685036659
0.09317631274461746,-273.16351318359375,108.39039611816406,-35.012969970703125,9.03433895111084,7.400501251220703,7.511692523956299,-0.6884848475456238,3.7657454013824463,5.462151050567627,3.600008010864258,-5.128408908843994,3.309199333190918,-0.4836960434913635,-4.486115455627441,-1.0115938186645508,3.674417734146118,-3.0395169258117676,0.517062783241272,-0.5207719206809998,2.743155002593994,2314.2581271761355,2942.19652141995,16.644143604297458,13.530215555972303,18.181619168450112,19.09747027358877,16.965758591724093,17.62354784673459,32.88727716609079,4494.357638888889,0.19115981459617615
0.0742902085185051,-317.0422668457031,-4.66529655456543,-23.531892776489258,10.669649124145508,-17.276798248291016,-18.449119567871094,-16.249820709228516,-3.3044111728668213,-6.546509742736816,-8.364256858825684,-19.55910301208496,-17.88602638244629,-21.137710571289062,-8.80361557006836,-5.4037652015686035,-7.887693405151367,-18.57990837097168,-15.310347557067871,-12.785836219787598,-6.846358776092529,3948.210651016283,4520.120730787029,11.654580955437398,22.736487297660137,24.271173911533122,30.188237758414374,32.08826808219695,36.41432791968692,38.89692505764155,9108.289930555555,0.18617624044418335
0.05998852103948593,-428.7821350097656,97.93863677978516,-21.758052825927734,18.74267578125,4.329923152923584,2.957073450088501,3.6870176792144775,-0.7086207270622253,9.780969619750977,9.475271224975586,5.787250995635986,6.548398494720459,2.380141258239746,2.4837539196014404,4.938971519470215,1.819382667541504,-2.271897315979004,-1.4855883121490479,1.386637568473816,-0.8828838467597961,1423.1093533126482,2235.53279989203,19.216463551402878,22.64894910147818,26.34033669827804,29.59759456769793,32.53638291684661,31.02075480891563,44.174496503010964,2676.5805984555986,2.4960912924143486e-05
0.10362976789474487,-253.689697265625,13.100968360900879,-7.955873489379883,43.878074645996094,3.2888615131378174,19.33968162536621,11.086353302001953,9.211640357971191,6.856359004974365,7.956635475158691,-0.7969116568565369,5.146213054656982,-1.7877289056777954,3.1829910278320312,1.414284348487854,0.12350969761610031,-5.2670087814331055,-2.639008045196533,-2.9295694828033447,4.7486772537231445,7080.552646922077,5582.4445645337555,21.415015498626673,18.507795270664616,20.889036088254542,23.163392692507276,26.482747274886446,24.56262478938785,36.7692456685368,13430.230453667953,0.015283733606338501
0.11571507155895233,-317.7539978027344,53.706268310546875,-2.578169584274292,10.20389461517334,-2.9786572456359863,1.8989500999450684,-3.2194933891296387,2.162242889404297,-1.318106770515442,1.9803717136383057,-0.6297784447669983,1.533671498298645,-1.6760231256484985,0.6316129565238953,-3.769282341003418,-3.6931490898132324,-5.018749237060547,-0.9018441438674927,-1.1834133863449097,2.3274009227752686,6125.636504449677,5804.145120294869,13.514860845571555,12.099012842309012,12.414315675616237,16.712115403831277,15.477865601637184,15.208878698741565,29.67497500355571,12748.914092664092,0.14224949479103088
0.05988045781850815,-326.9529113769531,50.889060974121094,-29.91783332824707,-1.821738600730896,-4.824643611907959,7.509521961212158,-2.8492143154144287,-0.7484035491943359,-7.646152019500732,-1.7459475994110107,-2.4627685546875,-0.383484810590744,-5.005364894866943,-1.161191701889038,-2.6966640949249268,3.4352684020996094,-2.5060229301452637,-1.1905357837677002,-4.875874996185303,-1.266534686088562,4574.798114145745,4892.54107884863,26.811090550649702,14.823657430496388,17.142591637244887,19.14942868341029,21.19521299599398,18.24337087496631,27.576135125248673,10085.997828185327,0.2889745533466339
0.09635879844427109,-429.5039367675781,137.93353271484375,-26.80612564086914,-13.533909797668457,23.487279891967773,-1.1714004278182983,-10.455269813537598,-4.697673797607422,-9.703540802001953,-8.533426284790039,-6.138082027435303,-7.676848411560059,-4.515222549438477,-5.773041248321533,-10.3267240524292,-8.35400104522705,-7.176548004150391,-8.092588424682617,-6.1767964363098145,-5.303827285766602,895.5058862526787,926.1032636160685,24.13945477351285,24.725690778264813,29.406294461023403,32.60332030793526,35.52658362129161,35.72020972909544,36.349457271160446,1741.4333976833977,2.532282906031469e-06
0.07958527654409409,-289.14617919921875,65.93965911865234,-51.25109100341797,27.697317123413086,-21.224361419677734,-1.023356556892395,-10.233357429504395,-2.9361562728881836,-13.649093627929688,-7.334355354309082,-11.295256614685059,-4.332725524902344,-3.726667642593384,7.386506080627441,5.605630874633789,8.177140235900879,2.294609546661377,2.1007227897644043,-2.735957384109497,0.7582070231437683,4474.257554642049,3504.6639885089317,13.113250936809754,13.694446383360297,19.626177912674628,18.468284710625706,17.548792789016193,14.04224096162583,39.97604963428956,7716.758071192053,0.050751958042383194
0.0452386736869812,-529.818603515625,40.479549407958984,-2.8676042556762695,1.670544981956482,0.5743656754493713,1.7668976783752441,-0.03376614674925804,0.5371050238609314,-0.8200333118438721,-0.22850409150123596,-0.6212572455406189,0.15815706551074982,-0.08629806339740753,0.45189133286476135,-0.23158028721809387,0.0007680415874347091,-0.343525230884552,-0.07206748425960541,-0.453935444355011,-0.2483961582183838,525.156968236357,680.881545874206,12.920857469992457,11.0732960899601,10.890450880788837,10.792615184024177,11.048093829528122,10.910960748163399,15.914167306688526,1078.3052884615386,0.7323252558708191
0.05042826011776924,-559.25,79.9209213256836,36.69029235839844,18.158967971801758,12.267974853515625,8.246066093444824,3.956544876098633,3.8433034420013428,5.747981071472168,6.402915000915527,4.197397708892822,2.253161907196045,1.2282147407531738,0.7629917860031128,-0.8480933904647827,-1.622399926185608,-0.25948166847229004,0.8103346824645996,-1.362357258796692,-3.2877650260925293,424.2617638058953,800.2289991873527,21.76193826620822,19.89353273243467,22.792918442038587,25.98428107733884,23.035560402335374,23.223917937136378,23.664214887080785,731.6105769230769,6.920502346474677e-05
0.11553015559911728,-392.61627197265625,124.9636459350586,-1.5387979745864868,3.548565149307251,-6.933642387390137,-14.863210678100586,-18.57593536376953,-18.375747680664062,-14.820052146911621,-10.727977752685547,-8.759527206420898,-11.486196517944336,-13.480650901794434,-12.976572036743164,-15.440082550048828,-16.742929458618164,-15.697067260742188,-13.496062278747559,-11.110832214355469,-10.078296661376953,989.5383527236032,1252.7940714806975,14.366273433927411,25.697016031886744,29.52798943624449,38.463202946209975,36.1375194184843,27.865370849871738,38.91080420681436,1638.179347826087,5.4089887271402404e-05
0.09822237491607666,-504.6072082519531,150.42921447753906,40.48843765258789,-9.980530738830566,-13.583318710327148,-10.16292953491211,-16.41641616821289,-21.829851150512695,-17.464750289916992,-9.027263641357422,-3.4642984867095947,-3.075719118118286,-6.060735702514648,-8.308976173400879,-9.377103805541992,-10.695090293884277,-9.687139511108398,-4.744704723358154,-2.839496612548828,-7.9226226806640625,618.1321215379568,457.3893724943149,15.948093164458653,27.146818597334903,31.90025314270548,37.439277125789474,41.49716505719932,35.1456625127014,29.64463028418039,930.0796332046332,1.748780232446734e-05
0.2589813470840454,-261.3414306640625,31.859947204589844,4.030736923217773,23.087751388549805,12.376906394958496,8.675265312194824,4.687408924102783,3.1594715118408203,5.841850757598877,7.5284104347229,-0.7737399935722351,6.764183521270752,4.643389701843262,6.719313621520996,-0.9126341342926025,3.5610084533691406,4.2522125244140625,1.584454894065857,-2.0432145595550537,3.4535281658172607,4120.755844552865,4864.078855319175,21.583298942827707,15.252391466113416,17.471915538054198,18.23921166832267,22.341544673441724,21.532543386721024,28.94525849069721,10364.171090733591,0.272381991147995
0.0349266342818737,-563.4248046875,13.491632461547852,-28.830965042114258,34.091148376464844,34.734283447265625,-14.890305519104004,-20.923574447631836,27.302745819091797,17.863948822021484,-34.928768157958984,-2.394386053085327,21.100543975830078,-22.20374870300293,-31.106557846069336,-24.496328353881836,-10.621384620666504,-36.3209114074707,-24.337451934814453,8.524785995483398,8.186554908752441,2928.102682165421,2075.5742823181436,15.626124617327985,20.377494834963507,13.78076497550845,30.36113814480904,42.066441697923786,40.849822598050785,35.07240513800636,3789.1983695652175,2.224147829110734e-05
0.020707737654447556,-434.1138000488281,52.97535705566406,-51.00260543823242,8.768589973449707,1.4207532405853271,7.8897624015808105,1.71351957321167,-9.428804397583008,-7.481374740600586,-6.041195392608643,-6.0691938400268555,-6.141699314117432,-7.311068534851074,-15.309391975402832,-17.41620445251465,-15.917229652404785,-16.661325454711914,-12.468948364257812,-6.1995158195495605,-4.0495195388793945,3308.0496811206276,2756.1202543132854,14.069229236986606,20.594108637475525,14.456737740453066,19.041988067447097,16.690775999582673,16.837878484992956,45.346209934035585,6044.497282608696,0.0025716146919876337
0.01538360957056284,-647.6170043945312,7.545785427093506,-1.2571864128112793,-3.376959800720215,-3.7621514797210693,-1.2517739534378052,-1.1918896436691284,2.886138677597046,3.627973794937134,0.3394974172115326,-1.6578491926193237,-0.4791294038295746,-0.8536100387573242,-0.5209906101226807,-0.015527443028986454,2.8185648918151855,0.48228558897972107,-1.7361884117126465,-0.4266173541545868,0.5070928335189819,396.88364501701506,459.19493086205983,12.462310963733865,10.539328110415333,11.171684018351401,14.912639544926275,12.412353803683764,16.41047325075499,15.515138480470853,663.1747159090909,0.8181825280189514
0.026443591341376305,-372.42132568359375,117.92412567138672,-54.73291015625,17.763330459594727,-18.818140029907227,3.973884105682373,-3.8419249057769775,-0.5784679651260376,-6.5963287353515625,-8.274100303649902,-10.165200233459473,-7.978992462158203,-7.615478038787842,-9.328493118286133,-12.356249809265137,-12.906006813049316,-15.035375595092773,-8.56490707397461,-5.225459098815918,-3.9188318252563477,3369.6003177236057,3120.547348523423,31.218269278062674,22.5994725116764,16.857367628288785,19.26313770362842,18.366982938913107,16.971442834411143,42.54249149694312,5856.929347826087,0.005980619695037603
0.057099562138319016,-520.7705688476562,33.235530853271484,21.53538703918457,17.645708084106445,14.454801559448242,10.759481430053711,7.919793605804443,5.073727130889893,2.6906862258911133,0.8122380375862122,-0.27590131759643555,-0.679814338684082,-0.7804478406906128,-0.6160596609115601,-0.43526506423950195,-0.44774287939071655,-0.9936807155609131,-2.1014866828918457,-3.2175426483154297,-3.6078615188598633,89.99139140681537,112.63816864426124,17.30926692978771,17.69062529891318,20.85909680585992,21.37018332928871,21.75408630728118,12.73260874166505,16.391933679103367,193.59645953757226,0.48554956912994385
0.06801482290029526,-268.69586181640625,33.10456848144531,-7.326811790466309,43.795833587646484,-39.98997116088867,10.880982398986816,4.093613624572754,10.432374000549316,13.031970977783203,6.115551471710205,-16.606050491333008,2.2541892528533936,13.514561653137207,-2.5654892921447754,-11.194022178649902,5.3702850341796875,-9.485681533813477,-2.2986562252044678,-0.06127109378576279,-4.901880264282227,5719.724491053311,3619.7068919027774,23.65401237146962,9.441610032598827,12.68437254122869,15.990720492535182,17.30906838048135,19.754422777821237,35.73264564583388,8919.813368055555,0.2095029205083847
0.03276593238115311,-566.1100463867188,7.45412015914917,0.8120042085647583,1.7210193872451782,1.300345540046692,1.853245496749878,1.8242241144180298,1.979609727859497,1.404053807258606,0.4402134418487549,-0.43250441551208496,-0.47567084431648254,-0.32668620347976685,-0.12208312004804611,-0.328415185213089,-0.7379709482192993,-0.8753167986869812,-0.4031541347503662,-0.10466332733631134,-0.03200244903564453,218.465372456396,580.7715835038197,22.017877979053736,12.08410873681072,10.265113456867914,10.673606347519488,10.60552349233392,10.330079707720014,10.584643969739867,327.8535231660232,0.3242827355861664
0.017087874934077263,-402.8188781738281,79.87838745117188,-3.049726963043213,10.936901092529297,1.8345218896865845,4.123205661773682,-3.5668206214904785,-1.5256413221359253,-6.372701644897461,-2.2455034255981445,-5.524334907531738,-1.5257710218429565,-6.115353107452393,-3.398679256439209,-7.003631114959717,-4.595218181610107,-9.99161148071289,-6.597977638244629,-10.993888854980469,-6.4596757888793945,5310.9156332364755,6174.914457105981,25.615514148543824,20.647986415402823,20.085125474478016,20.25313135496455,18.011533006909474,14.489114028909388,29.08904174477412,12983.89945652174,0.01700044423341751
0.0389753133058548,-552.3193359375,107.79273223876953,-12.437698364257812,2.18245267868042,4.515501499176025,-27.243335723876953,-29.138954162597656,-18.69441032409668,-15.196633338928223,-8.108497619628906,9.654617309570312,19.2891902923584,-2.301722764968872,-29.912086486816406,-26.76831817626953,-6.3231635093688965,-0.27775782346725464,-3.5320684909820557,-1.3438808917999268,-2.4092302322387695,1150.210670676112,1170.8709615896632,16.21956971804987,22.80835301688605,25.991243187109678,39.008602381964934,41.33749036131938,43.17508413842917,34.61967686672022,1772.2912644787646,8.793710730969906e-05
0.040073543787002563,-396.8531799316406,26.22998046875,0.9046549797058105,-1.090354323387146,-18.72284507751465,-8.14649772644043,-15.310190200805664,-8.429235458374023,-15.55105972290039,-10.415050506591797,-12.387154579162598,-9.466407775878906,-13.706585884094238,-3.682945728302002,-5.885245323181152,6.673732280731201,6.096647262573242,2.025697946548462,-3.405254602432251,-5.356856346130371,5003.051799930461,5152.015433494077,14.490949604564317,14.817851584862245,18.356441560181704,18.737402946926334,21.554606795597223,19.600621616640918,32.11098504351385,11495.505550193051,0.22623029351234436
0.062288522720336914,-365.4033203125,84.29734802246094,-7.180044651031494,-3.4228105545043945,-5.996994495391846,-2.0077271461486816,1.1026676893234253,5.295098304748535,-9.235577583312988,-0.1655181348323822,-4.222323894500732,1.5501857995986938,2.3930976390838623,-0.4288524389266968,-2.254749298095703,-0.73603755235672,-1.4329077005386353,1.1559972763061523,-3.2705509662628174,-1.4234329462051392,4330.063942683239,5402.079702510861,15.47240574074304,10.733065807331403,14.021767272286487,17.919021452463102,20.57572978479874,17.872816590446984,29.77262883724687,10704.959239130434,0.024726243689656258
0.02471090480685234,-482.6882629394531,49.02476119995117,-37.17136764526367,4.141130447387695,-19.0906925201416,-4.6446943283081055,-16.841690063476562,-8.464055061340332,-7.086531162261963,-3.3306095600128174,-8.415623664855957,-6.1785664558410645,-10.210949897766113,-1.1341921091079712,-5.936221122741699,-9.004526138305664,-16.290851593017578,-11.253998756408691,-2.351099729537964,6.076071262359619,2993.537369518786,2866.7726762529032,23.703196831963556,21.898056106237803,20.78135192626471,23.671529214555754,24.796832636112846,22.723726893244997,36.628292109206875,5880.570652173913,0.2454017996788025
0.043754637241363525,-380.4331970214844,209.8074493408203,-30.460826873779297,-17.99432945251465,-4.687802314758301,-2.6975011825561523,3.0202488899230957,-0.27376028895378113,4.145300388336182,7.607295036315918,-4.480963230133057,-23.384750366210938,-17.68693733215332,2.8957598209381104,11.145198822021484,-0.02603362873196602,-9.486212730407715,-6.835740566253662,-2.890631675720215,-4.062759876251221,1272.7195886212232,1443.5249794465453,19.443143090421973,21.38138673877818,19.47903693214783,20.223362094905305,24.251762098451398,20.572875669938,37.310605834817935,2204.1440217391305,2.2280904886429198e-05
0.13557149469852448,-294.8485107421875,48.44904327392578,5.231874942779541,17.898799896240234,8.064480781555176,18.184450149536133,6.489274024963379,5.552847385406494,1.5115786790847778,3.484267234802246,-3.335984230041504,0.03062395378947258,-0.982311487197876,-1.6908514499664307,-10.546534538269043,-1.9704179763793945,-0.43755221366882324,-2.6588332653045654,-2.400461435317993,-0.09464365988969803,3508.0701450503648,4612.296900624588,19.863483141488175,17.501108845791972,17.267951150690564,18.884157649919196,21.75406278110301,19.18494737919202,27.558198071599097,9009.682673745174,0.23837906122207642
0.1332528293132782,-348.0759582519531,123.75537872314453,4.209954738616943,-22.380126953125,-4.865632057189941,2.190305471420288,3.0732574462890625,2.855217456817627,0.4554307460784912,1.9437031745910645,-1.1796916723251343,-0.03753048554062843,-0.23279856145381927,0.7071428298950195,-5.139500617980957,-7.062246799468994,-12.280801773071289,-11.169340133666992,-10.727356910705566,-6.1177873611450195,1629.1556182067532,2421.5104650466283,12.727366549918253,15.14642948048749,15.544483890391469,17.25085310749775,24.47731729515078,20.24189338930083,24.288602955009043,2323.029891304348,0.0004235194355715066
0.040888022631406784,-559.8651733398438,73.14227294921875,48.47496795654297,40.21907043457031,27.60898780822754,22.48380470275879,19.72665786743164,15.216371536254883,11.04525375366211,7.289185047149658,1.9796900749206543,-3.858158588409424,-9.249631881713867,-14.558854103088379,-16.368942260742188,-14.854783058166504,-14.282524108886719,-12.281888961791992,-8.878883361816406,-5.8878173828125,419.0917295965518,1090.3491791364727,23.28131477175314,26.142765931682767,21.806754872108495,25.902743080265367,21.227395183728294,16.09026270847645,34.959683238393076,563.6935763888889,9.900607983581722e-05
0.023029083386063576,-593.2137451171875,133.6273651123047,37.2396240234375,13.366559028625488,16.8298282623291,9.960840225219727,6.470736026763916,3.687910556793213,0.7574882507324219,1.1582601070404053,-0.4137125015258789,-2.1370954513549805,-2.1496055126190186,-2.8409371376037598,-2.8928935527801514,-2.620318651199341,-2.9083657264709473,-2.729445219039917,-2.4472570419311523,-2.22798752784729,457.07552255696186,1072.0771575500335,27.52617520094,21.73188425714977,24.34835044546768,26.673210587806988,28.716954978843717,22.19160321032478,32.426897684518046,634.4422599337748,5.990712816128507e-05
0.11060041934251785,-360.87249755859375,46.06305694580078,-5.839177131652832,9.661091804504395,-1.9726636409759521,5.086277484893799,-1.952593445777893,0.1842450201511383,-6.048326015472412,-5.08606481552124,-6.728043079376221,-6.4999918937683105,-5.733451843261719,-2.282125234603882,-8.720161437988281,-3.7116026878356934,-4.895013809204102,-2.088181972503662,-6.199634075164795,-6.676172256469727,3201.6113317645763,3555.808044192622,10.158492354649525,13.356087235333144,14.133244292892408,15.687652480434094,16.42511669496114,14.4256063171682,23.568995530097073,6577.250241312741,0.3617085814476013
0.01883721351623535,-522.939208984375,72.82948303222656,-5.8174848556518555,15.878495216369629,-2.449324131011963,-2.8672776222229004,-9.146889686584473,-8.810534477233887,0.8282364010810852,-3.9251880645751953,-13.724776268005371,-14.184950828552246,-5.418636798858643,-0.6448188424110413,-6.8113250732421875,2.107666015625,3.8736460208892822,-4.277868270874023,-20.202505111694336,-16.002731323242188,2172.133228633537,2957.529086264835,14.828236894860794,20.085274802574627,23.422949863605414,26.70929961340753,23.74677242575462,20.693914572657505,43.98230813439636,4389.056467181467,0.0003471486270427704
0.1232546791434288,-305.0086669921875,89.50687408447266,-78.19788360595703,12.325804710388184,-28.710355758666992,8.532963752746582,25.453245162963867,25.449918746948242,-6.6178669929504395,-10.541891098022461,-11.44039535522461,-3.2286646366119385,4.691899299621582,5.788646697998047,3.614252805709839,-8.0892972946167,-11.025761604309082,-7.395845890045166,0.019054757431149483,2.8728067874908447,3007.1979297869652,2659.3904103516325,31.190586667712722,15.113726834652121,19.364066815143197,25.084924992894315,17.622668953421474,19.378988275812898,41.739765179884145,5510.1652992278,0.001203866908326745
0.09351534396409988,-366.56292724609375,-44.20921325683594,8.25390338897705,57.63950729370117,-3.3774850368499756,15.659729957580566,7.0083842277526855,-5.798274993896484,3.853113889694214,-0.4419533610343933,-6.199172019958496,-18.095178604125977,-15.388581275939941,-11.7615966796875,-12.156100273132324,-11.112899780273438,-17.458389282226562,-15.16370677947998,-10.245927810668945,1.3681625127792358,5625.527970219371,4461.71009673363,20.386803796335652,21.589590203511285,20.642596784389184,23.48508361071399,26.117793086013975,26.433503345893616,35.11654970724682,9793.617277992278,0.21336117386817932
0.029063083231449127,-593.94970703125,125.4111328125,45.288421630859375,9.772985458374023,6.653938293457031,9.284839630126953,4.456730842590332,-1.8673555850982666,-1.9894726276397705,1.1832547187805176,1.7833116054534912,-0.5913479924201965,-2.2871975898742676,-1.138981819152832,1.0515371561050415,1.2066292762756348,-0.7657929062843323,-1.9515947103500366,-1.2851756811141968,-0.5745915174484253,250.2756592376762,400.21943368973564,23.920755783207543,18.885078849277637,20.11790397486748,22.71390171041507,22.638316912529,18.036720673700714,25.248654635831123,526.6304347826087,0.3280448913574219
0.09412609785795212,-437.88018798828125,135.84564208984375,3.4807088375091553,-1.7035287618637085,-6.308712005615234,-0.8265888690948486,11.82101058959961,4.960718631744385,-6.42177152633667,-2.3239359855651855,-3.1550941467285156,-1.6894785165786743,1.5014021396636963,-0.2350703626871109,-3.5500056743621826,-3.3045244216918945,-3.0938467979431152,-3.4449973106384277,-7.515466690063477,-8.654653549194336,1750.6394425236392,1792.4123280948415,27.907765140121644,24.762107637831818,25.53830694798621,24.719624219651894,28.561273550970103,23.38267264137287,33.39001814872579,3106.4776490066224,0.08035077154636383
0.09655161201953888,-272.6630859375,33.74211883544922,8.229055404663086,17.572593688964844,-14.9146728515625,-3.8190014362335205,-3.9252078533172607,9.97321605682373,6.734219551086426,6.792832374572754,-0.04925770312547684,11.762073516845703,10.465262413024902,-1.3424569368362427,-10.231311798095703,2.275310516357422,2.377748727798462,-2.615189552307129,-10.708370208740234,-2.6732375621795654,6505.479885697948,6013.4256853078905,25.77335470120698,19.133391896148733,20.376538872329018,24.9275159548814,28.33831129401972,25.994084150145984,39.33582912867696,13710.847007722008,0.00686453003436327
0.05369390919804573,-410.02410888671875,5.018045425415039,-7.023514747619629,16.607465744018555,1.386861801147461,-0.872606098651886,-8.697522163391113,-9.231321334838867,-18.466846466064453,-7.749785900115967,-1.8823634386062622,0.23072883486747742,0.20210778713226318,4.1529221534729,-4.035306930541992,-4.885856628417969,-2.04595947265625,9.96069622039795,-4.160472869873047,-8.80604362487793,3391.6023325065903,4107.3023157040125,25.231549964489616,21.890404891947103,24.617973454631937,21.372949915165353,26.61742709854859,23.61033704909529,28.482655735366144,8215.612934362935,0.32327479124069214
0.05425005406141281,-378.2012939453125,164.04998779296875,22.3588809967041,31.39276695251465,20.596961975097656,14.444513320922852,6.215124607086182,6.9536333084106445,2.0219571590423584,-2.0924086570739746,-6.8307390213012695,-5.018630504608154,-4.97214937210083,-0.8428109288215637,0.27869871258735657,-3.659371852874756,-7.468515872955322,-1.4974126815795898,6.571025848388672,17.111196517944336,1324.1991081533865,2081.1331899432694,13.454866055783029,14.833629089072655,21.567429319047157,24.336683622170934,24.919043699014605,24.858435754862644,37.18476286165526,2666.983695652174,0.0007149517768993974
0.09426066279411316,-234.1878204345703,86.47308349609375,-15.536693572998047,0.7434660792350769,-15.099712371826172,-12.935494422912598,-18.894824981689453,-11.679245948791504,-14.332901954650879,-16.072175979614258,-24.84441566467285,-21.228239059448242,-16.583168029785156,-8.477194786071777,-8.503950119018555,-6.5169548988342285,-12.440643310546875,-5.866037368774414,-4.143718242645264,0.7874059081077576,4440.68234261904,5312.20224124542,15.32218515602734,22.118862299216577,20.296096798766555,20.196376542446707,19.703076168814636,17.20985505498854,30.999568594910112,10091.032608695652,0.01508078072220087
0.07577574253082275,-451.5113220214844,110.33804321289062,0.30150723457336426,3.7413923740386963,3.93467116355896,6.011842727661133,4.526622772216797,3.796793222427368,1.1916624307632446,1.3200794458389282,2.7658543586730957,4.055562973022461,2.7128593921661377,1.5615832805633545,0.43939200043678284,0.6079655885696411,-0.1873343139886856,-0.821026623249054,-0.7080994248390198,0.3969830870628357,1394.2323777955605,2091.8178424383586,16.488950290236392,14.429825050901817,12.216532011457051,14.666050972534759,17.229681474155367,16.23906279104427,29.36481607377194,2373.5054347826085,0.048549868166446686
0.22519277036190033,-268.86517333984375,37.09430694580078,-3.6775670051574707,24.36017608642578,5.123391628265381,7.397790908813477,2.7108163833618164,8.83033275604248,4.145209789276123,6.1922760009765625,0.3905164301395416,4.506031036376953,3.016468048095703,6.519083023071289,3.2416064739227295,5.520426273345947,0.7126113176345825,3.658742666244507,4.1073479652404785,6.927422523498535,2541.268971329286,3714.3347758851787,22.63510030320722,10.969268339835635,20.72561232808628,21.59094971805586,25.987577741147156,25.07854870766776,29.343227798349716,6333.554536679537,0.324161559343338
0.03067687153816223,-595.7777709960938,63.07068634033203,41.1584358215332,20.37725830078125,7.784868240356445,1.8889466524124146,-1.3017277717590332,-4.19511079788208,-7.56939697265625,-10.859910011291504,-12.338669776916504,-11.040838241577148,-8.772842407226562,-8.546290397644043,-10.685530662536621,-12.2220458984375,-10.91892147064209,-8.280936241149902,-7.273399353027344,-8.480618476867676,375.5760095551925,447.9105549713206,21.60385386167119,27.28180111964343,28.87856219993477,21.57244358687525,25.97058476908425,24.37312045111807,28.303664910689225,419.9746621621622,2.746099880823749e-06
0.1382247358560562,-281.9847106933594,4.568340301513672,-0.6018972396850586,42.42573547363281,10.159714698791504,5.360652923583984,3.81290340423584,7.433528900146484,-6.425183296203613,1.753010869026184,-8.724992752075195,2.426084518432617,-4.033990383148193,-2.6251752376556396,-3.773740530014038,1.217470645904541,-0.10523605346679688,0.9120763540267944,-0.11544269323348999,1.2073795795440674,4732.1098388978135,4217.772075673923,24.897597043183097,16.991276404441244,23.675798998739598,20.909772491781588,21.305762482675245,20.80069564156511,29.81139612581241,9906.280164092665,0.3250448703765869
0.10833287984132767,-448.3040466308594,197.05609130859375,82.15635681152344,19.76415252685547,12.187657356262207,11.199980735778809,6.11499547958374,4.825148105621338,2.632298707962036,-1.9699769020080566,-3.550612688064575,-2.711545944213867,-2.8631372451782227,-4.128356456756592,-5.919294357299805,-7.515496253967285,-7.816462516784668,-6.908300876617432,-5.353030681610107,-3.4587738513946533,352.0253358797025,387.27612318061955,13.354176569581753,10.175480716488789,17.572810739997408,22.998013755870538,25.004861210005178,21.101944259861103,28.0443388485036,567.2055984555984,1.984604386962019e-05
0.06801313906908035,-359.7811279296875,51.02208709716797,-31.436899185180664,12.914584159851074,-33.46205520629883,-6.957542896270752,-8.333511352539062,-0.9522094130516052,-4.727941036224365,2.7991230487823486,-8.069472312927246,-8.905173301696777,-11.788825035095215,-9.095005989074707,-8.421337127685547,-3.3247625827789307,-3.2304794788360596,-5.163309097290039,-11.136494636535645,-14.760035514831543,5629.795672029463,4443.357526918672,25.02303455685135,19.05099726117829,22.532758181913543,22.260036383188453,22.04487753015799,18.929268045697658,37.55980483366517,10197.574806949808,0.14423517882823944
0.018089620396494865,-578.2686157226562,50.123390197753906,-14.449379920959473,4.827171802520752,15.263314247131348,-4.743336200714111,-8.256876945495605,-2.9171884059906006,-5.805430889129639,-8.796146392822266,-8.038141250610352,-8.032400131225586,-10.748833656311035,-12.284104347229004,-11.480169296264648,-11.189152717590332,-10.656513214111328,-9.438775062561035,-8.673513412475586,-8.31212329864502,1513.1526599538236,1633.2993960472584,11.94369098801262,25.68532674252651,21.846899084715684,21.284786524941385,19.945533446238944,20.511946081503286,37.936173870711066,3069.6614583333335,0.00016061497444752604
0.027756638824939728,-592.4907836914062,87.59058380126953,22.44330406188965,13.574374198913574,7.666550636291504,2.4309794902801514,3.0651285648345947,2.29226016998291,-0.2604144513607025,-1.7706472873687744,-1.3684391975402832,-2.0712544918060303,-4.216200828552246,-5.986392974853516,-6.775508403778076,-7.379626750946045,-7.70208740234375,-6.360570907592773,-3.943394184112549,-2.6445436477661133,857.5083986215508,1479.8642396436367,30.166209663828024,24.23148903575258,24.77375215665238,26.76049222172055,22.17992529570238,18.917284504269126,31.26637053365242,1640.4440154440153,0.09079314768314362
0.1967431902885437,-274.1676330566406,-4.285086631774902,-22.21171760559082,50.17698287963867,-12.770271301269531,9.509546279907227,5.076189041137695,6.678747653961182,-2.891955614089966,10.88955020904541,-1.8315991163253784,-1.9894720315933228,-12.218542098999023,-23.24230194091797,-32.70720672607422,-34.89206314086914,-32.38650894165039,-12.668421745300293,-2.763272285461426,10.473033905029297,4179.620596474602,4022.4398289018477,11.708379581177573,23.486984273120605,13.795101303890592,27.111006891695254,24.418664763601353,23.825048140663466,35.31764365929486,8518.771701388889,0.1916554570198059
0.012909775599837303,-593.6402587890625,82.9177474975586,49.30311965942383,18.06172752380371,-1.1935005187988281,-9.813331604003906,-11.886529922485352,-9.55985164642334,-4.142899036407471,1.1148090362548828,3.4932336807250977,4.1806182861328125,5.7960662841796875,7.661134719848633,5.985240936279297,-0.5445292592048645,-7.4420294761657715,-9.103601455688477,-5.587714195251465,-1.8662840127944946,549.2994805303058,620.2420352687569,23.579261732005804,9.610046787417655,16.204592031538436,19.630962494136956,24.779149787475323,16.819245492671563,21.312923067361947,746.3942307692307,0.0017822388326749206
0.10759091377258301,-262.7890319824219,37.66182327270508,-6.77085542678833,24.481029510498047,-1.4073576927185059,8.665111541748047,2.7919070720672607,10.308416366577148,-4.475995063781738,-6.289681434631348,-2.8854613304138184,-4.223714828491211,-1.5467711687088013,-3.6763346195220947,-7.811166286468506,3.891083002090454,-3.0456669330596924,-7.167011737823486,-0.5194480419158936,10.078317642211914,5352.4802270712835,4823.172012109567,20.680545464668384,13.089440216735147,16.939578586804846,14.057134714234127,16.38985112187437,16.68895646506897,29.21908054406542,10781.702461389961,0.22362446784973145
0.1842471808195114,-265.26068115234375,40.96444320678711,-16.14847183227539,25.235074996948242,4.735352516174316,3.4202632904052734,-5.332966327667236,5.365599155426025,0.37825414538383484,-0.5853654742240906,-3.002136468887329,3.481142997741699,-3.6341004371643066,1.3964056968688965,-0.5598669052124023,-0.5963098406791687,-0.9960706830024719,1.4569659233093262,-3.9786038398742676,0.8577893376350403,3114.2245548668375,3745.8289523261806,27.640025855303904,14.323192561096189,22.034773427704486,22.99495462057061,23.979580727639192,21.952863693771402,29.17306020341962,6911.800193050193,0.27619877457618713
0.06276111304759979,-326.9124450683594,53.2540283203125,9.049384117126465,10.961338996887207,-23.294984817504883,-14.795400619506836,5.343235969543457,5.2933735847473145,-11.433300018310547,-16.7758731842041,3.132340908050537,9.915430068969727,-1.6426820755004883,-2.6090199947357178,8.337088584899902,10.842368125915527,-1.2490224838256836,0.04877254739403725,2.851637601852417,10.675225257873535,4887.435384230746,5645.554843548798,30.51853548066574,14.79856815314798,18.79930463361756,21.65283857611506,29.578980066100033,21.931712429211267,31.555175535975927,11572.226821192053,0.007019778713583946
0.02045319229364395,-596.06396484375,134.21380615234375,75.50949096679688,41.58449935913086,10.403800964355469,5.421122074127197,10.13790512084961,10.380987167358398,7.387978553771973,1.6855970621109009,-2.461350440979004,-0.629479169845581,2.3728013038635254,0.5921391844749451,-2.2180769443511963,-1.9815313816070557,-5.057046413421631,-5.1851277351379395,-0.30184462666511536,-0.3800545334815979,365.43682539166537,816.6761707986471,26.983462235630487,22.00905128163984,24.33596478603156,28.03260886185332,23.688162483830272,19.59992444578315,33.90967743237771,561.1979166666666,5.805245746159926e-05
0.018198952078819275,-543.384033203125,40.136192321777344,-21.08243751525879,-6.215235233306885,-11.2456636428833,-4.241159915924072,-2.999220609664917,-2.595775842666626,-2.289168119430542,-2.1229963302612305,-4.89878511428833,-0.08840464055538177,1.4371299743652344,4.103085041046143,4.89132022857666,8.737812995910645,2.2009356021881104,0.36477407813072205,-3.312871217727661,-4.573737144470215,3900.4840181212526,3971.477291508945,12.641843477924319,9.255898271827107,16.003431383420956,16.495605847323187,18.111231692051433,17.48403552987963,36.36290225854762,7583.453757225434,0.0734613835811615
0.014593778178095818,-615.8023681640625,25.114070892333984,9.136470794677734,8.522117614746094,5.369106769561768,1.2704544067382812,-1.1534713506698608,-1.639070987701416,-2.6388015747070312,-3.7592427730560303,-7.8519368171691895,-8.140643119812012,-2.0320677757263184,-2.4370086193084717,-7.502315998077393,-6.526557445526123,-5.466620922088623,-5.898266792297363,-4.550056457519531,-2.7553398609161377,1910.0890190685047,1459.0256168270346,19.421964230611824,23.348723011639642,18.074386280954442,24.17823227922969,22.787701680374123,21.995388968551875,31.345416417847982,2535.258152173913,0.0009504835470579565
0.09723274409770966,-304.50250244140625,49.954368591308594,-12.534770011901855,6.495630264282227,-4.123137950897217,1.4329447746276855,-1.9030393362045288,2.6960699558258057,1.3429787158966064,2.4626541137695312,-2.1172127723693848,0.45993584394454956,-1.8806768655776978,0.19719728827476501,-1.1272172927856445,1.0777674913406372,-0.8346225619316101,1.3350216150283813,-1.4801230430603027,0.5721827149391174,3784.661551439929,3903.6007687963397,8.388631282210055,8.328449604950181,9.94394348876824,11.577368189486641,11.686159456995082,10.87927893878703,21.370507720965403,8057.160955598456,0.3921245038509369
0.021287769079208374,-526.2364501953125,4.237826824188232,-19.614850997924805,12.514470100402832,10.770241737365723,0.261964350938797,-1.2989367246627808,4.442333221435547,-4.102113723754883,-11.508617401123047,0.4969223141670227,-1.8242673873901367,-7.9866766929626465,-2.3250062465667725,-11.702939987182617,-3.3234808444976807,-5.979139804840088,-5.128534317016602,-3.8188042640686035,-6.636521339416504,5118.1960169430995,3926.2243000500794,14.647821192446289,20.375264110388507,15.607543100347547,17.41553087832335,21.29775767074044,20.378507733951,42.467078170515336,9198.087596525096,0.008075323887169361
0.08797237277030945,-369.22430419921875,-52.14009475708008,-11.67849349975586,4.822544097900391,-29.53940773010254,-12.41773796081543,-16.71859359741211,-15.6790189743042,-19.188919067382812,-15.645530700683594,-20.39240837097168,-11.238587379455566,-5.893824100494385,10.777884483337402,23.69935417175293,35.25242233276367,26.087871551513672,11.543830871582031,-14.603303909301758,-24.639774322509766,8417.978141189773,6381.119002021288,16.130612303678912,10.013700680672217,29.542892451959062,33.406259620388774,36.640712649862984,34.48989954410202,34.78310130908784,16431.67833011583,0.015206496231257915
0.06316190958023071,-378.8555908203125,27.927043914794922,-36.32236099243164,18.94354248046875,-7.21012020111084,-12.346487045288086,-5.304533958435059,2.5601558685302734,-12.225196838378906,0.13708318769931793,9.400925636291504,5.196275234222412,0.6296287775039673,-4.457550048828125,-6.638702392578125,-2.0708675384521484,-7.445147514343262,-1.332085132598877,3.2514920234680176,3.4362294673919678,4379.373998275287,4701.333187575258,32.948586511064704,25.930993629680835,29.82240331427225,31.76146560789771,27.733469380554975,22.133537938353435,36.76559689907728,8922.690217391304,0.004517029970884323
0.09028310328722,-288.817138671875,61.99551010131836,-7.400899410247803,16.62251853942871,-9.134978294372559,19.335620880126953,2.7068307399749756,7.991137504577637,0.1823776811361313,6.619421482086182,2.1407277584075928,5.683016300201416,1.196012020111084,1.2209006547927856,-0.6749123930931091,2.013712167739868,-1.1462559700012207,-3.0260469913482666,-1.3582912683486938,4.248042106628418,3534.792074675898,3771.697917326669,26.14609014583722,11.215193459518394,13.080186770407032,14.641757978069686,16.066306350281344,15.08282520708614,27.96693053678261,7657.728040540541,0.012574265711009502
0.08026297390460968,-449.1235046386719,47.66566467285156,-81.35065460205078,-7.349869728088379,-18.965375900268555,-7.938267230987549,-4.095864772796631,-7.16807746887207,-16.275779724121094,-19.872180938720703,-16.04605484008789,-10.991819381713867,-1.1399712562561035,13.926424980163574,31.46925926208496,40.849185943603516,34.461666107177734,13.490460395812988,-12.783771514892578,-26.44928741455078,1743.4201206092762,1542.7358140194929,15.059202654338046,11.681241198204823,28.26470490516474,29.83782798140294,32.75538670371272,25.3250355520955,32.383795722724265,2553.058638996139,0.27186012268066406
0.009790853597223759,-636.3917236328125,25.103891372680664,-20.450563430786133,-2.919250249862671,-0.37413716316223145,-3.9474618434906006,-5.645557880401611,-2.5969696044921875,-0.3395313024520874,-2.8461556434631348,-5.236987590789795,-4.083951950073242,-2.0514252185821533,2.2653160095214844,5.911209583282471,5.677130699157715,3.6382579803466797,1.815452218055725,-0.9968434572219849,-3.065427303314209,2729.260487682295,2457.2869994175085,16.36317713925598,10.848500306345757,19.22488536735335,19.865334967863156,19.881660283990858,21.241859655389952,28.080793634504538,4818.370664739884,0.3699275553226471
0.06693247705698013,-364.68658447265625,46.555702209472656,1.8886882066726685,28.353912353515625,-4.596534729003906,-2.8836851119995117,5.351027488708496,2.7536206245422363,-1.2022770643234253,-5.093433856964111,1.0473490953445435,8.137084007263184,-10.463285446166992,3.6378939151763916,6.3668951988220215,12.090498924255371,11.608024597167969,-2.0936925411224365,-9.363852500915527,1.80793035030365,5860.0729044124155,5500.793217927049,18.168022249109367,9.311043868900585,14.885052670369356,17.816402523348607,21.727960379756833,17.630179658291546,33.951422639196004,12007.26902173913,0.05614061281085014
0.10203347355127335,-451.3279113769531,83.89663696289062,-11.97757339477539,1.2371433973312378,6.155409812927246,4.984818458557129,0.9762556552886963,0.7711741328239441,0.7181742191314697,-0.37423276901245117,-0.8445582985877991,-0.8236109018325806,-2.7634952068328857,-4.143520832061768,-7.972618579864502,-10.95569133758545,-8.385470390319824,-3.9930996894836426,-1.0199272632598877,1.1142053604125977,971.6359319683517,940.7603893127964,14.060294693523076,18.197623509302367,15.771877352509685,21.05686139987639,17.454557373139775,18.352346051240605,28.69027442218344,1644.9728260869565,0.3713061809539795
0.1101527288556099,-502.194580078125,133.55503845214844,32.19356155395508,-7.051568031311035,-5.9680328369140625,0.6140820384025574,20.305984497070312,44.53099822998047,41.73555374145508,15.482308387756348,-5.8696770668029785,-10.30265998840332,-10.225030899047852,-9.969801902770996,0.8157815933227539,14.41854190826416,9.127176284790039,-4.251018047332764,-4.237110137939453,-0.1782871037721634,461.92576746316195,628.1462923139355,19.47999144191803,13.72999976162083,11.197054976316323,27.99141589909672,17.369397302023685,21.68098504284757,24.54049980388123,912.5241312741313,0.3204990327358246
0.007086186669766903,-586.0543212890625,52.676116943359375,-43.305633544921875,-6.799924850463867,22.52081298828125,-14.64745807647705,-25.694482803344727,-4.524097919464111,-0.1978469341993332,-8.356934547424316,-7.548504829406738,1.9384020566940308,-9.054737091064453,1.9275645017623901,2.1588478088378906,3.6840951442718506,-14.162346839904785,4.455465316772461,1.4046612977981567,4.055150508880615,6119.152296108486,5729.9880389807095,10.773035595956625,9.158175090879547,11.337704942905999,12.484436490119244,17.462193348391615,22.97381938504038,32.88182363704472,12699.184782608696,0.049881380051374435
0.06790768355131149,-533.0098876953125,44.92380905151367,18.30752944946289,19.10871124267578,11.647619247436523,9.301253318786621,8.423157691955566,6.9212164878845215,4.701959609985352,4.345478534698486,3.1985208988189697,2.7979896068573,2.368736982345581,2.5957672595977783,1.7205934524536133,1.1319880485534668,1.0243732929229736,1.266764760017395,0.9752408266067505,0.937460720539093,855.4562072030556,2024.412050126231,13.592507895611417,9.062287206549673,12.015816360971604,10.888969119259649,12.499864460742462,11.365892337503604,20.441212677878287,1514.423076923077,0.2106419801712036
0.14129048585891724,-264.5177307128906,56.74011993408203,-28.485200881958008,21.030637741088867,-0.2550356686115265,6.663201332092285,-2.3807575702667236,-0.8872396945953369,-3.7031149864196777,4.3159661293029785,-1.597522497177124,-0.039954982697963715,-7.1766791343688965,-4.167570114135742,-6.620820045471191,3.4012041091918945,3.7911298274993896,-1.9855931997299194,-4.797956466674805,-0.3917258083820343,4849.093589602238,4640.5344892866315,24.004923010762617,19.797003467463817,21.594815317037828,23.351772416543536,23.876215234667473,21.198272235352935,40.78906193866286,9722.554347826086,0.007204694207757711
0.026866374537348747,-597.4387817382812,88.20133209228516,9.400280952453613,2.045335531234741,14.065704345703125,13.658624649047852,6.507525444030762,5.220849990844727,5.396062850952148,5.579527854919434,2.2826600074768066,0.5598557591438293,1.8601008653640747,1.2607086896896362,-2.629549980163574,-4.869475841522217,-5.363949298858643,-7.80812406539917,-8.76396369934082,-6.143957138061523,461.4878229370926,423.9955612417264,26.22058415482394,18.73106951481118,17.762657196340296,17.779588551306578,19.163096107128894,19.83652454795938,25.494403380127345,758.8341346153846,0.31542760133743286
0.18873842060565948,-344.31109619140625,17.974319458007812,-5.857112884521484,33.69166564941406,5.921903610229492,5.0989603996276855,-0.3474356234073639,-2.599470376968384,-8.050467491149902,-2.911057949066162,-7.72601842880249,-5.513241291046143,-10.132474899291992,-7.412912368774414,-10.272432327270508,-9.456605911254883,-11.84408950805664,-6.375757217407227,-4.893594741821289,-2.554603338241577,2366.400808942897,3458.23462194535,25.47007566316183,19.824200850784223,20.398362361110614,22.37037368002512,22.43662420684229,20.913282511703066,26.648704873274443,5731.987847222223,0.000460621842648834
0.12231744825839996,-361.2945251464844,43.80123519897461,-19.979867935180664,35.605369567871094,6.8964643478393555,19.297874450683594,-0.8759065866470337,-13.351607322692871,-4.779873847961426,10.710358619689941,1.9923136234283447,-1.1178964376449585,-13.415755271911621,5.6050028800964355,6.629152297973633,-6.55629301071167,2.6442360877990723,7.583865642547607,1.3211888074874878,1.2936683893203735,4250.328420175476,4064.2891030091764,28.133387462506377,10.185085733463708,22.086827866613845,16.79867057785235,21.27654954290427,19.40235810586307,44.89205154790199,8306.046195652174,0.0025771078653633595
0.3861582279205322,-316.9635009765625,68.56515502929688,18.460308074951172,4.5543317794799805,-5.11238956451416,11.084197044372559,0.9656589031219482,1.7216318845748901,1.0990792512893677,0.22775228321552277,0.16094008088111877,3.4601314067840576,-3.8416175842285156,3.412946939468384,-2.067944049835205,4.254533767700195,-2.461268901824951,1.9305471181869507,-1.1865004301071167,-0.48091214895248413,1024.437823290816,2266.313804509313,18.79604507366834,12.181096104619789,15.989042396367282,16.010383612576653,17.917888981616233,17.864766815133358,23.305613925309355,1268.470014450867,0.43415090441703796
0.030037444084882736,-405.6414794921875,74.47100830078125,2.838777780532837,21.43279457092285,-16.3122615814209,6.874299049377441,-17.22207260131836,6.744714260101318,-9.655282974243164,1.1586973667144775,-5.209621429443359,-2.838897228240967,-0.10820065438747406,-5.566164016723633,-0.4478767216205597,-6.618532180786133,-1.0272170305252075,-5.195449352264404,-2.4600942134857178,-3.770179271697998,4522.563734876693,5071.041617189481,20.20382461815816,19.309792732234165,16.877281364420472,16.307841703772787,15.671064876808824,13.41792828015882,29.187146722430587,10992.1875,0.21141643822193146
0.028560711070895195,-426.143798828125,146.29428100585938,-18.300127029418945,-12.8998441696167,-0.3035941421985626,2.94445538520813,-2.0195887088775635,-15.221688270568848,-25.406208038330078,-21.80193328857422,-20.24264907836914,-9.269432067871094,1.9249494075775146,8.919692993164062,1.6219496726989746,-0.3801549971103668,-5.403048515319824,-9.250274658203125,-11.11156940460205,-1.546615481376648,2052.3200450468353,2723.204811701049,22.66396594282216,24.12721338454908,23.635129529706376,26.813383892111396,31.082921859281118,22.788893662171343,33.57186615176731,3519.5652173913045,0.0007339274743571877
0.01095658540725708,-627.9169921875,30.135499954223633,-12.242862701416016,2.627943515777588,-4.274932384490967,-3.2855992317199707,0.005310188513249159,1.967187762260437,-1.0247174501419067,0.03311159089207649,-2.120023012161255,-0.043041981756687164,-1.0973224639892578,-3.848590850830078,-5.745593547821045,-5.199917793273926,-3.823141574859619,-1.020450472831726,0.33852294087409973,3.913743495941162,2301.698860781938,2726.5477805284104,13.424187732383382,15.99371900345018,22.068913548704003,23.645777190725507,22.39845661687639,20.60136390063376,26.781791482844422,4116.307947019867,0.13755612075328827
0.07787816226482391,-302.56646728515625,21.176416397094727,-19.78927993774414,7.920493125915527,-13.4635648727417,1.6535066366195679,4.861591339111328,1.7656008005142212,-10.600236892700195,3.77331805229187,8.82551383972168,-3.28247332572937,-6.425821304321289,9.784490585327148,-1.856203317642212,-4.540868282318115,0.4193814694881439,1.5938081741333008,-1.7789287567138672,4.689931392669678,6164.102356517585,5926.496020332384,28.004459967506623,19.118088895414218,20.650250758133744,20.209470603392113,21.35678069532427,16.028000657985547,31.254635244090966,13205.809604247104,0.021253619343042374
0.02262408658862114,-642.099609375,84.70983123779297,53.449153900146484,40.97433090209961,22.20366668701172,17.954940795898438,18.4339656829834,19.729660034179688,16.253080368041992,11.057621002197266,6.633129596710205,5.173794269561768,3.2940001487731934,2.1650211811065674,0.7977753281593323,0.8290109038352966,-0.2725765109062195,-2.804659605026245,-1.2391514778137207,0.5645098090171814,270.1789909962583,819.0233402731939,32.00348617466099,21.698437139260417,22.130604676154192,24.701658913524565,22.668932054265717,20.100306794532994,30.5587907455995,480.1432291666667,0.0001510165457148105
0.07124017179012299,-404.6007995605469,192.75743103027344,-18.199220657348633,-23.00090789794922,3.6849887371063232,2.194213390350342,7.63337516784668,1.5635545253753662,-1.8298994302749634,-3.3124494552612305,-6.14494514465332,-4.753867149353027,-6.0472731590271,-5.370007514953613,-4.137475490570068,-4.579991340637207,-3.6018099784851074,-4.108665943145752,-3.5864298343658447,-2.400113821029663,989.6344427261702,1105.911673696627,26.61457460366234,22.764189026042942,22.53642925259007,23.20832954042464,21.802149976671654,20.793770518720905,34.42758270935416,1684.0852649006622,2.0639314243453555e-05
0.024257401004433632,-557.9058227539062,-1.5555150508880615,-1.6934466361999512,2.543001174926758,2.496469259262085,0.7435611486434937,-1.3190492391586304,-1.1271624565124512,-2.1191301345825195,-2.885028839111328,-4.0366597175598145,-3.502595901489258,-3.346775531768799,-2.50410795211792,-2.3263561725616455,-1.0781043767929077,-0.4040457308292389,0.4749037027359009,0.711755633354187,1.5089316368103027,8040.306658957308,5124.371169341787,20.087940517087322,12.224403971525879,15.029538443874017,11.616677958517217,13.986905746602282,14.127021293108989,24.500404056202846,13729.326923076924,0.7728990912437439
0.24118337035179138,-390.831787109375,34.64773941040039,9.214875221252441,79.93698120117188,2.4405107498168945,-8.569124221801758,-0.03337107598781586,29.953001022338867,-2.794614315032959,-6.236686706542969,19.508468627929688,4.837081432342529,-3.0577380657196045,14.467750549316406,-2.8396055698394775,1.505702257156372,7.447249889373779,-12.682679176330566,7.829143524169922,-2.7083232402801514,1960.235854527032,2802.375193550012,28.48107893021784,16.629881026203364,24.46552234568977,28.4698327871164,32.02233610667195,35.30872517881071,40.844613773403694,4591.125723938224,0.19444622099399567
0.1637316197156906,-522.9342651367188,71.41918182373047,56.5073127746582,45.494110107421875,35.628562927246094,23.513124465942383,11.463438987731934,2.0570905208587646,-5.193739891052246,-10.064101219177246,-11.603313446044922,-10.576963424682617,-7.842191219329834,-3.5638089179992676,1.2252593040466309,5.2957072257995605,8.456337928771973,10.462434768676758,10.735754013061523,9.418705940246582,215.19911779307674,154.94874607353975,27.2764517272037,15.308025386961301,30.281037956740622,15.052460374136704,15.077299589702774,17.189396866279445,24.791205123929082,355.75331125827813,0.29080450534820557
0.10524704307317734,-421.66497802734375,58.36225509643555,12.350020408630371,53.978736877441406,11.672614097595215,14.955634117126465,3.9862661361694336,6.357625961303711,0.7581902742385864,3.2074856758117676,0.3055693805217743,2.141566038131714,-2.936642646789551,-3.899301528930664,1.6947102546691895,2.94083833694458,-3.3913815021514893,3.8185830116271973,4.388105392456055,4.349068641662598,3947.1995399828047,4036.1352410543873,21.8273146164185,10.16222235464329,16.25150468705573,15.768135977174227,17.083476344563966,17.97982570149391,41.20764916448583,7711.885838150289,0.005939400289207697
0.04645642265677452,-420.83575439453125,79.86278533935547,-24.522817611694336,3.985119104385376,-8.54475212097168,8.743091583251953,-1.052364468574524,-2.993476390838623,-8.044699668884277,-0.7455226182937622,-1.2324013710021973,1.5618886947631836,0.9475048780441284,5.1409478187561035,4.540158748626709,2.3855152130126953,0.6084616184234619,4.767130374908447,0.6501759886741638,-2.2648229598999023,4431.898841671039,4337.952362312188,25.543600636551826,11.423894388791926,18.48799447834047,21.924720166754074,24.014073522931696,15.284294531329628,36.61349814295865,8627.604166666666,0.030248530209064484
0.015372470021247864,-531.9619140625,91.12864685058594,25.389034271240234,31.76535415649414,-15.397714614868164,3.282038688659668,1.3271024227142334,23.417524337768555,11.245838165283203,-16.268020629882812,-2.918325424194336,-23.72650146484375,-33.58086395263672,-14.309660911560059,-1.2870757579803467,-1.147004246711731,-14.55341911315918,-15.136713027954102,-4.8383026123046875,-25.394121170043945,2803.1153933451124,3690.6291945904613,19.26418252516312,15.688604951005935,13.133332489781855,24.781999351898627,16.00173141639521,26.14859964622419,47.5123269423222,7550.339673913043,0.0002007642760872841
0.05469079688191414,-441.0877380371094,66.10345458984375,13.97513484954834,9.102903366088867,0.28712475299835205,-4.438514709472656,-5.212935447692871,1.9084476232528687,3.4942092895507812,6.657557010650635,1.6648098230361938,4.035519123077393,3.413530111312866,3.603677272796631,-4.2051262855529785,-0.8234755396842957,5.762239456176758,7.927488803863525,-0.6088084578514099,-0.8211475014686584,3807.9380922957203,4265.602584330312,13.518024711277445,9.783282629637515,12.934058656643861,17.271139363465764,18.677995156160556,18.07434508407469,30.393801294242614,8255.432533112582,0.22553235292434692
0.15499791502952576,-227.3794708251953,21.312414169311523,-5.9377031326293945,5.274679660797119,12.301353454589844,8.295122146606445,7.378891944885254,-0.5545936822891235,-7.132388591766357,3.081437826156616,-0.9013110399246216,-2.4893336296081543,-11.402114868164062,-7.211246490478516,-10.218863487243652,-2.724561929702759,-12.743671417236328,-5.301588535308838,-9.454429626464844,-0.4194144308567047,5587.6607593132485,5125.124905944477,22.83557293955124,20.091215483977702,17.972294426281238,19.85615515005106,22.244888229746554,23.261689523181268,26.60300439941356,12130.761341698842,0.2421642690896988
0.08534076809883118,-335.7836608886719,40.231849670410156,-34.678585052490234,6.506855010986328,4.973357677459717,6.095499515533447,-8.23676586151123,-11.18602466583252,-14.5576753616333,-8.351468086242676,-5.342258930206299,5.372224807739258,6.621173858642578,7.092055320739746,3.4372682571411133,9.801349639892578,12.833365440368652,16.21865463256836,-6.622064590454102,-12.025433540344238,4241.218125207189,4260.598899681446,26.325620927389657,11.131125130322987,21.533664234336115,21.61711905215851,24.918063700948583,24.724153034616034,43.13299416196051,8585.869565217392,0.0011699285823851824
0.02519022859632969,-559.1024780273438,20.184606552124023,1.3542637825012207,6.868862628936768,-1.2272416353225708,3.1140527725219727,1.37904953956604,1.9646180868148804,0.4876554310321808,2.440230369567871,1.3568263053894043,0.43787965178489685,-2.297642230987549,1.5731240510940552,0.8650973439216614,0.49717065691947937,-1.6368831396102905,-1.9031410217285156,-0.13705088198184967,1.0030295848846436,2200.516249265983,3346.7546339868422,21.156843737328515,17.22451132244894,18.861428723351647,19.872270617039746,21.029339780646925,19.651845567068083,21.98027907782094,5468.149038461538,0.4592588245868683
0.06311193853616714,-299.3389587402344,-25.915332794189453,-48.50666046142578,16.364665985107422,-10.84634780883789,-6.544031620025635,-14.302937507629395,-9.339381217956543,-18.906709671020508,-9.002923965454102,-2.035604476928711,14.317670822143555,12.482001304626465,9.026378631591797,-4.948353290557861,-8.105256080627441,-13.121123313903809,-8.606450080871582,-8.462366104125977,1.9115188121795654,6164.929124322258,4743.246188887766,31.45500012514148,25.157049338907523,26.867311289112642,26.073322876648156,23.672899010691722,16.5699425662682,32.31381058523995,11604.36776061776,0.1899876445531845
0.006806583143770695,-635.1266479492188,13.725489616394043,-14.81833553314209,-2.922952651977539,-3.631988048553467,-5.404275417327881,-4.700201511383057,-5.745695114135742,-10.829411506652832,-8.475693702697754,-4.537452220916748,3.3683717250823975,5.194119930267334,0.8747391700744629,-3.058940887451172,1.4259816408157349,7.3882155418396,6.12678337097168,-0.776088297367096,-4.358297824859619,4517.5885240061925,4250.936037100977,21.6937544219698,14.317225030567178,15.969281683834012,15.112225337465308,23.469979539944898,17.788010579470605,31.87069877826494,8346.467391304348,0.2225407063961029
0.13805684447288513,-498.9888916015625,91.42411804199219,18.305849075317383,-18.36077880859375,-10.093648910522461,2.347067356109619,-0.13427938520908356,-2.316871404647827,4.24156379699707,9.292144775390625,7.241279602050781,1.9078369140625,-8.456036567687988,-28.474843978881836,-50.91689682006836,-60.32405471801758,-48.96830368041992,-21.833051681518555,7.458088397979736,21.48317527770996,645.6084420707384,453.1467129937063,14.081899482055766,25.174623347516572,18.29510794689389,35.01281688991794,35.957818250084095,27.578063538508164,24.279329828013935,1149.1614382239381,0.23166947066783905
0.09480138123035431,-277.6194152832031,36.48948287963867,-10.205885887145996,32.49436569213867,-3.8114335536956787,-2.2782108783721924,-3.6024210453033447,10.901823997497559,0.8729172348976135,-1.6712348461151123,-1.711346983909607,-2.7102646827697754,-2.9517171382904053,7.099343776702881,7.206075191497803,9.000094413757324,3.1823105812072754,1.3897175788879395,-6.940234661102295,-4.426875591278076,6199.285048025114,5443.286944221785,19.76853771257341,15.078121138213037,13.599960909369159,18.00074824072159,18.050488609295556,17.381114012370215,32.35083799495948,12084.418402777777,0.09113885462284088
0.25259482860565186,-152.00453186035156,45.368072509765625,-13.468290328979492,18.66490364074707,5.483920574188232,12.94709587097168,8.234020233154297,18.63213348388672,9.757475852966309,5.330445289611816,-8.480236053466797,-6.416439056396484,-4.1795783042907715,6.758853435516357,2.3256945610046387,0.7425960898399353,-4.434071063995361,-0.10517609864473343,-7.427741527557373,-4.566408634185791,5621.402588682579,5743.003153569084,25.893215954222793,15.943185049555714,16.936727280094146,22.6799389911981,21.6174111316144,20.196871623456097,33.87868766367816,12482.421875,0.00804826058447361
0.01302751712501049,-624.712890625,39.53025817871094,14.347786903381348,22.422006607055664,12.396615028381348,8.991486549377441,5.858753204345703,5.433610916137695,3.541083574295044,3.688624382019043,3.749350070953369,5.599369049072266,6.240457057952881,6.438755512237549,5.096644878387451,3.1221940517425537,-0.2116880565881729,-3.0034384727478027,-4.94211483001709,-4.994356155395508,1297.2290368402166,1845.1587837853758,11.795288694330475,13.63806375843325,19.343599989340568,16.798931527886694,16.42630751908366,15.725892486495496,20.345853842705065,2882.540760869565,0.3480519950389862
0.0741301104426384,-515.6135864257812,86.84590911865234,47.13202667236328,23.58928871154785,12.492283821105957,11.912618637084961,15.345848083496094,16.425113677978516,14.162424087524414,11.70987319946289,11.799626350402832,13.549586296081543,13.202652931213379,8.786199569702148,2.11779522895813,-3.901315212249756,-7.372064113616943,-8.181241035461426,-7.547948360443115,-6.708917140960693,242.39647967439896,522.6335231028593,26.201283220110753,19.693617114704004,22.345039375827774,25.62467637878752,27.786239257065564,24.159341857087156,30.163109136945746,273.0152027027027,1.7672088006293052e-06
0.021879205480217934,-585.3568725585938,16.503339767456055,5.462796211242676,1.4947900772094727,-0.7542240023612976,-1.9012346267700195,-2.1106455326080322,-1.2073363065719604,-0.046043142676353455,1.1485302448272705,1.6816965341567993,1.3568463325500488,0.5644798278808594,0.11205741763114929,-0.06270405650138855,-0.07665631175041199,0.11891009658575058,0.4547329545021057,0.4754352569580078,0.06562361866235733,852.8195328843054,1294.469683291937,16.3185008286583,13.019915236998138,15.798764034705707,20.19812203360602,17.02199919347934,15.114129560914254,14.100740500977437,1824.3885869565217,0.6235476732254028
